GVIF,Df,GVIF^(1/(2*Df))
13.18746181996489,1,3.631454504735656
1.6584727940974113,1,1.287817065462875
3494440.1895355023,1,1869.342180965139
3494516.593811784,1,1869.3626169932318
1.032725156660083,1,1.0162308579550627
1.8514474648114274,25,1.0123955507574742
15.285009872098376,6,1.2551302893799878
